192.168.224.0;;up;;;00:50:E8:00:8A:4D;NOMADIX
192.168.224.1;;up;;;00:50:E8:00:8A:4D;NOMADIX
192.168.224.2;;up;;;3C:DF:1E:B1:BA:40;Cisco
192.168.224.3;;up;;;9C:4E:20:6A:5D:40;Cisco
192.168.224.4;;up;;;00:50:E8:00:8A:4D;NOMADIX
192.168.224.5;;up;2012/08/22 06:15:57;;F0:7D:68:FB:A8:63;D-Link
192.168.224.6;;up;;;00:50:E8:00:8A:4D;NOMADIX
192.168.224.20;;up;;;00:26:5A:85:AA:3A;D-Link
192.168.224.21;;up;;;00:21:91:99:7F:66;D-Link
192.168.224.22;;up;;;00:50:E8:00:8A:4D;NOMADIX
192.168.224.23;;up;;;00:50:E8:00:8A:4D;NOMADIX
192.168.224.24;;up;;;00:50:E8:00:8A:4D;NOMADIX
192.168.224.26;;up;;;00:50:E8:00:8A:4D;NOMADIX
192.168.224.27;;up;;;00:50:E8:00:8A:4D;NOMADIX
192.168.224.28;;up;;;00:50:E8:00:8A:4D;NOMADIX
192.168.224.29;;up;;;00:50:E8:00:8A:4D;NOMADIX
192.168.224.30;;up;;;00:50:E8:00:8A:4D;NOMADIX
192.168.224.31;;up;;;00:50:E8:00:8A:4D;NOMADIX
192.168.224.32;;up;;;00:50:E8:00:8A:4D;NOMADIX
192.168.224.33;;up;;;00:50:E8:00:8A:4D;NOMADIX
192.168.224.34;;up;;;00:50:E8:00:8A:4D;NOMADIX
192.168.224.35;;up;;;00:50:E8:00:8A:4D;NOMADIX
192.168.224.36;;up;;;00:50:E8:00:8A:4D;NOMADIX
192.168.224.37;;up;;;00:50:E8:00:8A:4D;NOMADIX
192.168.224.38;;up;;;00:50:E8:00:8A:4D;NOMADIX
192.168.224.39;;up;;;00:50:E8:00:8A:4D;NOMADIX
192.168.224.40;;up;;;00:50:E8:00:8A:4D;NOMADIX
192.168.224.41;;up;;;00:50:E8:00:8A:4D;NOMADIX
192.168.224.42;;up;;;00:50:E8:00:8A:4D;NOMADIX
192.168.224.43;;up;;;00:50:E8:00:8A:4D;NOMADIX
192.168.224.44;;up;;;00:50:E8:00:8A:4D;NOMADIX
192.168.224.45;;up;;;00:11:BB:1B:B2:CE;Cisco
192.168.224.46;;up;;;00:02:6F:C0:51:94;Senao International
192.168.224.47;;up;;;F0:7D:68:FB:A8:69;D-Link
192.168.224.50;;up;;;00:02:6F:C4:B9:F8;Senao International
192.168.224.51;;up;;;00:02:6F:C4:B9:F6;Senao International
192.168.224.53;;up;;;00:50:E8:00:8A:4D;NOMADIX
192.168.224.54;;up;;;00:50:E8:00:8A:4D;NOMADIX
192.168.224.55;;up;;;00:50:E8:00:8A:4D;NOMADIX
192.168.224.56;;up;;;00:50:E8:00:8A:4D;NOMADIX
192.168.224.57;;up;;;00:50:E8:00:8A:4D;NOMADIX
192.168.224.58;;up;;;00:50:E8:00:8A:4D;NOMADIX
192.168.224.59;;up;;;00:50:E8:00:8A:4D;NOMADIX
192.168.224.62;;up;;;2C:27:D7:9D:E6:B5;HP
192.168.224.63;;up;;;E8:BA:70:7D:BC:40;Cisco
192.168.224.64;;up;;;00:11:0A:E0:9D:80;HP
192.168.224.65;;up;;;00:0D:9D:C0:14:00;HP
192.168.224.66;;up;;;00:50:E8:00:8A:4D;NOMADIX
192.168.224.67;;up;;;00:50:E8:00:8A:4D;NOMADIX
192.168.224.68;;up;;;00:50:E8:00:8A:4D;NOMADIX
192.168.224.69;;up;;;00:11:85:3E:78:80;HP
192.168.224.70;;up;2012/08/22 06:15:57;;00:30:6E:7F:4E:00;HEWLETT PACKARD
192.168.224.71;;up;;;00:50:E8:00:8A:4D;NOMADIX
192.168.224.72;;up;;;00:50:E8:00:8A:4D;NOMADIX
192.168.224.73;;up;;;00:50:E8:00:8A:4D;NOMADIX
192.168.224.74;;up;;;70:DE:E2:DB:2C:CA;Apple
192.168.224.75;;up;;;00:50:E8:00:8A:4D;NOMADIX
192.168.224.76;;up;;;00:50:E8:00:8A:4D;NOMADIX
192.168.224.79;;up;;;08:11:96:84:A9:BC;Intel
192.168.224.80;;up;;;00:50:E8:00:8A:4D;NOMADIX
192.168.224.82;;up;;;00:50:E8:00:8A:4D;NOMADIX
192.168.224.84;;up;;;00:50:E8:00:8A:4D;NOMADIX
192.168.224.85;;up;;;00:50:E8:00:8A:4D;NOMADIX
192.168.224.86;;up;;;00:50:E8:00:8A:4D;NOMADIX
192.168.224.88;;up;;;00:50:E8:00:8A:4D;NOMADIX
192.168.224.89;;up;;;00:50:E8:00:8A:4D;NOMADIX
192.168.224.91;;up;;;00:50:E8:00:8A:4D;NOMADIX
192.168.224.92;;up;;;00:50:E8:00:8A:4D;NOMADIX
192.168.224.96;;up;;;00:50:E8:00:8A:4D;NOMADIX
192.168.224.97;;up;;;00:50:E8:00:8A:4D;NOMADIX
192.168.224.98;;up;;;00:50:E8:00:8A:4D;NOMADIX
192.168.224.99;;up;;;00:50:E8:00:8A:4D;NOMADIX
192.168.224.100;;up;;;00:50:E8:00:8A:4D;NOMADIX
192.168.224.101;;up;;;00:50:E8:00:8A:4D;NOMADIX
192.168.224.102;;up;;;00:50:E8:00:8A:4D;NOMADIX
192.168.224.103;;up;;;00:50:E8:00:8A:4D;NOMADIX
192.168.224.105;;up;;;44:2A:60:7F:14:AE;Apple
192.168.224.106;;up;;;00:50:E8:00:8A:4D;NOMADIX
192.168.224.107;;up;;;00:50:E8:00:8A:4D;NOMADIX
192.168.224.108;;up;;;00:50:E8:00:8A:4D;NOMADIX
192.168.224.110;;up;;;00:50:E8:00:8A:4D;NOMADIX
192.168.224.111;;up;;;00:50:E8:00:8A:4D;NOMADIX
192.168.224.112;;up;;;78:84:3C:C9:45:1C;Sony
192.168.224.113;;up;;;00:50:E8:00:8A:4D;NOMADIX
192.168.224.115;;up;;;00:50:E8:00:8A:4D;NOMADIX
192.168.224.116;;up;;;00:50:E8:00:8A:4D;NOMADIX
192.168.224.117;;up;;;00:50:E8:00:8A:4D;NOMADIX
192.168.224.119;;up;;;00:50:E8:00:8A:4D;NOMADIX
192.168.224.120;;up;;;00:50:E8:00:8A:4D;NOMADIX
192.168.224.121;;up;;;00:50:E8:00:8A:4D;NOMADIX
192.168.224.122;;up;;;00:50:E8:00:8A:4D;NOMADIX
192.168.224.123;;up;;;00:50:E8:00:8A:4D;NOMADIX
192.168.224.126;;up;;;00:50:E8:00:8A:4D;NOMADIX
192.168.224.128;;up;;;00:50:E8:00:8A:4D;NOMADIX
192.168.224.129;;up;;;00:50:E8:00:8A:4D;NOMADIX
192.168.224.130;;up;;;00:50:E8:00:8A:4D;NOMADIX
192.168.224.131;;up;;;00:50:E8:00:8A:4D;NOMADIX
192.168.224.132;;up;;;00:50:E8:00:8A:4D;NOMADIX
192.168.224.133;;up;;;00:50:E8:00:8A:4D;NOMADIX
192.168.224.134;;up;;;00:50:E8:00:8A:4D;NOMADIX
192.168.224.135;;up;;;00:50:E8:00:8A:4D;NOMADIX
192.168.224.136;;up;;;00:50:E8:00:8A:4D;NOMADIX
192.168.224.138;;up;;;00:50:E8:00:8A:4D;NOMADIX
192.168.224.139;;up;;;00:50:E8:00:8A:4D;NOMADIX
192.168.224.141;;up;;;00:50:E8:00:8A:4D;NOMADIX
192.168.224.142;;up;;;00:50:E8:00:8A:4D;NOMADIX
192.168.224.143;;up;;;00:50:E8:00:8A:4D;NOMADIX
192.168.224.145;;up;;;00:50:E8:00:8A:4D;NOMADIX
192.168.224.146;;up;;;00:50:E8:00:8A:4D;NOMADIX
192.168.224.148;;up;;;00:50:E8:00:8A:4D;NOMADIX
192.168.224.149;;up;;;00:50:E8:00:8A:4D;NOMADIX
192.168.224.150;;up;;;00:50:E8:00:8A:4D;NOMADIX
192.168.224.151;;up;;;00:50:E8:00:8A:4D;NOMADIX
192.168.224.154;;up;;;00:50:E8:00:8A:4D;NOMADIX
192.168.224.155;;up;;;00:50:E8:00:8A:4D;NOMADIX
192.168.224.156;;up;;;00:50:E8:00:8A:4D;NOMADIX
192.168.224.157;;up;;;00:50:E8:00:8A:4D;NOMADIX
192.168.224.159;;up;;;00:50:E8:00:8A:4D;NOMADIX
192.168.224.160;;up;;;00:50:E8:00:8A:4D;NOMADIX
192.168.224.161;;up;;;00:50:E8:00:8A:4D;NOMADIX
192.168.224.163;;up;;;00:50:E8:00:8A:4D;NOMADIX
192.168.224.165;;up;;;00:50:E8:00:8A:4D;NOMADIX
192.168.224.166;;up;;;00:50:E8:00:8A:4D;NOMADIX
192.168.224.167;;up;;;00:50:E8:00:8A:4D;NOMADIX
192.168.224.168;;up;;;00:50:E8:00:8A:4D;NOMADIX
192.168.224.169;;up;;;00:50:E8:00:8A:4D;NOMADIX
192.168.224.170;;up;;;00:50:E8:00:8A:4D;NOMADIX
192.168.224.171;;up;;;00:50:E8:00:8A:4D;NOMADIX
192.168.224.172;;up;;;00:50:E8:00:8A:4D;NOMADIX
192.168.224.173;;up;;;00:50:E8:00:8A:4D;NOMADIX
192.168.224.174;;up;;;00:50:E8:00:8A:4D;NOMADIX
192.168.224.175;;up;;;00:50:E8:00:8A:4D;NOMADIX
192.168.224.176;;up;;;00:50:E8:00:8A:4D;NOMADIX
192.168.224.177;;up;;;00:50:E8:00:8A:4D;NOMADIX
192.168.224.179;;up;;;00:50:E8:00:8A:4D;NOMADIX
192.168.224.180;;up;;;00:50:E8:00:8A:4D;NOMADIX
192.168.224.181;;up;;;00:50:E8:00:8A:4D;NOMADIX
192.168.224.182;;up;;;00:50:E8:00:8A:4D;NOMADIX
192.168.224.184;;up;;;00:50:E8:00:8A:4D;NOMADIX
192.168.224.185;;up;;;00:50:E8:00:8A:4D;NOMADIX
192.168.224.186;;up;;;00:50:E8:00:8A:4D;NOMADIX
192.168.224.187;;up;;;00:50:E8:00:8A:4D;NOMADIX
192.168.224.189;;up;;;00:50:E8:00:8A:4D;NOMADIX
192.168.224.190;;up;;;00:50:E8:00:8A:4D;NOMADIX
192.168.224.194;;up;;;00:50:E8:00:8A:4D;NOMADIX
192.168.224.195;;up;;;00:50:E8:00:8A:4D;NOMADIX
192.168.224.197;;up;;;00:50:E8:00:8A:4D;NOMADIX
192.168.224.200;;up;;;00:50:E8:00:8A:4D;NOMADIX
192.168.224.202;;up;;;00:50:E8:00:8A:4D;NOMADIX
192.168.224.204;;up;;;74:E1:B6:C7:F2:01;Apple
192.168.224.207;;up;;;00:50:E8:00:8A:4D;NOMADIX
192.168.224.209;;up;;;00:50:E8:00:8A:4D;NOMADIX
192.168.224.210;;up;;;00:50:E8:00:8A:4D;NOMADIX
192.168.224.211;;up;;;00:50:E8:00:8A:4D;NOMADIX
192.168.224.216;;up;;;00:50:E8:00:8A:4D;NOMADIX
192.168.224.217;;up;;;00:50:E8:00:8A:4D;NOMADIX
192.168.224.219;;up;;;00:50:E8:00:8A:4D;NOMADIX
192.168.224.220;;up;;;00:50:E8:00:8A:4D;NOMADIX
192.168.224.221;;up;;;00:50:E8:00:8A:4D;NOMADIX
192.168.224.222;;up;;;00:50:E8:00:8A:4D;NOMADIX
192.168.224.223;;up;;;00:50:E8:00:8A:4D;NOMADIX
192.168.224.225;;up;;;00:50:E8:00:8A:4D;NOMADIX
192.168.224.226;;up;;;00:50:E8:00:8A:4D;NOMADIX
192.168.224.227;;up;;;00:50:E8:00:8A:4D;NOMADIX
192.168.224.228;;up;;;00:50:E8:00:8A:4D;NOMADIX
192.168.224.229;;up;;;00:50:E8:00:8A:4D;NOMADIX
192.168.224.230;;up;;;00:50:E8:00:8A:4D;NOMADIX
192.168.224.231;;up;;;00:50:E8:00:8A:4D;NOMADIX
192.168.224.234;;up;;;00:50:E8:00:8A:4D;NOMADIX
192.168.224.236;;up;;;00:50:E8:00:8A:4D;NOMADIX
192.168.224.237;;up;;;00:50:E8:00:8A:4D;NOMADIX
192.168.224.238;;up;;;00:50:E8:00:8A:4D;NOMADIX
192.168.224.239;;up;;;00:50:E8:00:8A:4D;NOMADIX
192.168.224.240;;up;;;00:50:E8:00:8A:4D;NOMADIX
192.168.224.241;;up;;;00:50:E8:00:8A:4D;NOMADIX
192.168.224.243;;up;;;00:50:E8:00:8A:4D;NOMADIX
192.168.224.245;;up;;;00:50:E8:00:8A:4D;NOMADIX
192.168.224.247;;up;;;00:50:E8:00:8A:4D;NOMADIX
192.168.224.249;;up;;;00:50:E8:00:8A:4D;NOMADIX
192.168.224.250;;up;;;00:50:E8:00:8A:4D;NOMADIX
192.168.224.251;;up;;;00:50:E8:00:8A:4D;NOMADIX
192.168.224.252;;up;;;00:50:E8:00:8A:4D;NOMADIX
192.168.224.253;;up;;;00:50:E8:00:8A:4D;NOMADIX
192.168.224.255;;up;;;00:50:E8:00:8A:4D;NOMADIX
192.168.225.0;;up;;;00:50:E8:00:8A:4D;NOMADIX
192.168.225.1;;up;;;00:1B:63:C5:C4:41;Apple
192.168.225.2;;up;;;00:50:E8:00:8A:4D;NOMADIX
192.168.225.3;;up;;;00:50:E8:00:8A:4D;NOMADIX
192.168.225.5;;up;;;00:50:E8:00:8A:4D;NOMADIX
192.168.225.6;;up;;;00:50:E8:00:8A:4D;NOMADIX
192.168.225.7;;up;;;00:50:E8:00:8A:4D;NOMADIX
192.168.225.8;;up;;;E4:CE:8F:17:38:34;Apple
192.168.225.9;;up;;;00:50:E8:00:8A:4D;NOMADIX
192.168.225.10;;up;;;CC:AF:78:D5:2B:21;Hon Hai Precision
192.168.225.11;;up;;;00:50:E8:00:8A:4D;NOMADIX
192.168.225.12;;up;;;00:50:E8:00:8A:4D;NOMADIX
192.168.225.13;;up;;;00:50:E8:00:8A:4D;NOMADIX
192.168.225.17;;up;;;00:50:E8:00:8A:4D;NOMADIX
192.168.225.19;;up;;;00:50:E8:00:8A:4D;NOMADIX
192.168.225.21;;up;;;00:50:E8:00:8A:4D;NOMADIX
192.168.225.22;;up;;;00:50:E8:00:8A:4D;NOMADIX
192.168.225.23;;up;;;00:50:E8:00:8A:4D;NOMADIX
192.168.225.26;;up;;;00:50:E8:00:8A:4D;NOMADIX
192.168.225.27;;up;;;00:27:10:8E:2E:C0;Intel
192.168.225.29;;up;;;00:50:E8:00:8A:4D;NOMADIX
192.168.225.30;;up;;;64:20:0C:9A:F3:0A;Apple
192.168.225.31;;up;;;00:50:E8:00:8A:4D;NOMADIX
192.168.225.32;;up;;;00:50:E8:00:8A:4D;NOMADIX
192.168.225.33;;up;;;00:50:E8:00:8A:4D;NOMADIX
192.168.225.38;;up;;;00:50:E8:00:8A:4D;NOMADIX
192.168.225.39;;up;;;00:50:E8:00:8A:4D;NOMADIX
192.168.225.42;;up;;;00:50:E8:00:8A:4D;NOMADIX
192.168.225.43;;up;;;00:50:E8:00:8A:4D;NOMADIX
192.168.225.47;;up;;;00:50:E8:00:8A:4D;NOMADIX
192.168.225.49;;up;;;00:50:E8:00:8A:4D;NOMADIX
192.168.225.50;;up;;;00:50:E8:00:8A:4D;NOMADIX
192.168.225.51;;up;;;00:50:E8:00:8A:4D;NOMADIX
192.168.225.52;;up;;;00:50:E8:00:8A:4D;NOMADIX
192.168.225.53;;up;;;8C:70:5A:59:83:74;Intel
192.168.225.54;;up;;;10:8C:CF:C5:1D:40;Cisco
192.168.225.55;;up;;;00:50:E8:00:8A:4D;NOMADIX
192.168.225.56;;up;;;00:50:E8:00:8A:4D;NOMADIX
192.168.225.57;;up;;;00:50:E8:00:8A:4D;NOMADIX
192.168.225.60;;up;;;00:50:E8:00:8A:4D;NOMADIX
192.168.225.61;;up;;;00:50:E8:00:8A:4D;NOMADIX
192.168.225.62;;up;;;00:50:E8:00:8A:4D;NOMADIX
192.168.225.64;;up;;;00:50:E8:00:8A:4D;NOMADIX
192.168.225.65;;up;;;00:50:E8:00:8A:4D;NOMADIX
192.168.225.66;;up;;;00:50:E8:00:8A:4D;NOMADIX
192.168.225.67;;up;;;00:50:E8:00:8A:4D;NOMADIX
192.168.225.69;;up;;;00:50:E8:00:8A:4D;NOMADIX
192.168.225.70;;up;;;00:50:E8:00:8A:4D;NOMADIX
192.168.225.71;;up;;;00:50:E8:00:8A:4D;NOMADIX
192.168.225.73;;up;;;00:50:E8:00:8A:4D;NOMADIX
192.168.225.74;;up;;;00:50:E8:00:8A:4D;NOMADIX
192.168.225.75;;up;;;00:50:E8:00:8A:4D;NOMADIX
192.168.225.77;;up;;;70:56:81:B3:17:BD;Apple
192.168.225.78;;up;;;00:50:E8:00:8A:4D;NOMADIX
192.168.225.79;;up;;;00:50:E8:00:8A:4D;NOMADIX
192.168.225.81;;up;;;00:50:E8:00:8A:4D;NOMADIX
192.168.225.82;;up;;;00:50:E8:00:8A:4D;NOMADIX
192.168.225.86;;up;;;00:50:E8:00:8A:4D;NOMADIX
192.168.225.88;;up;;;00:50:E8:00:8A:4D;NOMADIX
192.168.225.89;;up;;;00:50:E8:00:8A:4D;NOMADIX
192.168.225.91;;up;;;00:50:E8:00:8A:4D;NOMADIX
192.168.225.92;;up;;;00:50:E8:00:8A:4D;NOMADIX
192.168.225.93;;up;;;00:50:E8:00:8A:4D;NOMADIX
192.168.225.94;;up;;;00:50:E8:00:8A:4D;NOMADIX
192.168.225.95;;up;;;00:50:E8:00:8A:4D;NOMADIX
192.168.225.97;;up;;;00:50:E8:00:8A:4D;NOMADIX
192.168.225.98;;up;;;00:50:E8:00:8A:4D;NOMADIX
192.168.225.99;;up;;;A0:88:B4:00:8C:CC;Intel
192.168.225.100;;up;;;00:50:E8:00:8A:4D;NOMADIX
192.168.225.101;;up;;;00:50:E8:00:8A:4D;NOMADIX
192.168.225.102;;up;;;00:50:E8:00:8A:4D;NOMADIX
192.168.225.103;;up;;;00:50:E8:00:8A:4D;NOMADIX
192.168.225.104;;up;;;00:50:E8:00:8A:4D;NOMADIX
192.168.225.105;;up;;;00:50:E8:00:8A:4D;NOMADIX
192.168.225.106;;up;;;00:50:E8:00:8A:4D;NOMADIX
192.168.225.107;;up;;;00:50:E8:00:8A:4D;NOMADIX
192.168.225.108;;up;;;00:50:E8:00:8A:4D;NOMADIX
192.168.225.109;;up;;;00:50:E8:00:8A:4D;NOMADIX
192.168.225.110;;up;;;00:50:E8:00:8A:4D;NOMADIX
192.168.225.111;;up;;;00:50:E8:00:8A:4D;NOMADIX
192.168.225.112;;up;;;00:50:E8:00:8A:4D;NOMADIX
192.168.225.113;;up;;;00:50:E8:00:8A:4D;NOMADIX
192.168.225.114;;up;;;00:50:E8:00:8A:4D;NOMADIX
192.168.225.115;;up;;;00:50:E8:00:8A:4D;NOMADIX
192.168.225.116;;up;;;00:50:E8:00:8A:4D;NOMADIX
192.168.225.117;;up;;;00:50:E8:00:8A:4D;NOMADIX
192.168.225.118;;up;;;00:50:E8:00:8A:4D;NOMADIX
192.168.225.119;;up;;;00:50:E8:00:8A:4D;NOMADIX
192.168.225.120;;up;;;00:50:E8:00:8A:4D;NOMADIX
192.168.225.121;;up;;;00:50:E8:00:8A:4D;NOMADIX
192.168.225.122;;up;;;00:50:E8:00:8A:4D;NOMADIX
192.168.225.123;;up;;;00:50:E8:00:8A:4D;NOMADIX
192.168.225.124;;up;;;00:50:E8:00:8A:4D;NOMADIX
192.168.225.125;;up;;;00:50:E8:00:8A:4D;NOMADIX
192.168.225.126;;up;;;00:50:E8:00:8A:4D;NOMADIX
192.168.225.127;;up;;;00:50:E8:00:8A:4D;NOMADIX
192.168.225.128;;up;;;00:50:E8:00:8A:4D;NOMADIX
192.168.225.129;;up;;;00:50:E8:00:8A:4D;NOMADIX
192.168.225.130;;up;;;00:50:E8:00:8A:4D;NOMADIX
192.168.225.131;;up;;;00:50:E8:00:8A:4D;NOMADIX
192.168.225.132;;up;;;00:50:E8:00:8A:4D;NOMADIX
192.168.225.133;;up;;;00:50:E8:00:8A:4D;NOMADIX
192.168.225.134;;up;;;00:50:E8:00:8A:4D;NOMADIX
192.168.225.135;;up;;;00:50:E8:00:8A:4D;NOMADIX
192.168.225.136;;up;;;00:50:E8:00:8A:4D;NOMADIX
192.168.225.137;;up;;;00:50:E8:00:8A:4D;NOMADIX
192.168.225.138;;up;;;00:50:E8:00:8A:4D;NOMADIX
192.168.225.139;;up;;;00:50:E8:00:8A:4D;NOMADIX
192.168.225.140;;up;;;00:50:E8:00:8A:4D;NOMADIX
192.168.225.141;;up;;;00:50:E8:00:8A:4D;NOMADIX
192.168.225.142;;up;;;00:50:E8:00:8A:4D;NOMADIX
192.168.225.143;;up;;;00:50:E8:00:8A:4D;NOMADIX
192.168.225.144;;up;;;00:50:E8:00:8A:4D;NOMADIX
192.168.225.145;;up;;;00:50:E8:00:8A:4D;NOMADIX
192.168.225.146;;up;;;00:50:E8:00:8A:4D;NOMADIX
192.168.225.147;;up;;;00:50:E8:00:8A:4D;NOMADIX
192.168.225.148;;up;;;00:50:E8:00:8A:4D;NOMADIX
192.168.225.149;;up;;;00:50:E8:00:8A:4D;NOMADIX
192.168.225.150;;up;;;00:50:E8:00:8A:4D;NOMADIX
192.168.225.151;;up;;;00:50:E8:00:8A:4D;NOMADIX
192.168.225.152;;up;;;00:50:E8:00:8A:4D;NOMADIX
192.168.225.153;;up;;;00:50:E8:00:8A:4D;NOMADIX
192.168.225.154;;up;;;00:50:E8:00:8A:4D;NOMADIX
192.168.225.155;;up;;;00:50:E8:00:8A:4D;NOMADIX
192.168.225.156;;up;;;00:50:E8:00:8A:4D;NOMADIX
192.168.225.157;;up;;;00:50:E8:00:8A:4D;NOMADIX
192.168.225.158;;up;;;00:50:E8:00:8A:4D;NOMADIX
192.168.225.159;;up;;;00:50:E8:00:8A:4D;NOMADIX
192.168.225.160;;up;;;00:50:E8:00:8A:4D;NOMADIX
192.168.225.161;;up;;;00:50:E8:00:8A:4D;NOMADIX
192.168.225.162;;up;;;00:50:E8:00:8A:4D;NOMADIX
192.168.225.163;;up;;;00:50:E8:00:8A:4D;NOMADIX
192.168.225.164;;up;;;00:50:E8:00:8A:4D;NOMADIX
192.168.225.165;;up;;;00:50:E8:00:8A:4D;NOMADIX
192.168.225.166;;up;;;00:50:E8:00:8A:4D;NOMADIX
192.168.225.167;;up;;;00:50:E8:00:8A:4D;NOMADIX
192.168.225.168;;up;;;00:50:E8:00:8A:4D;NOMADIX
192.168.225.169;;up;;;00:50:E8:00:8A:4D;NOMADIX
192.168.225.170;;up;;;00:50:E8:00:8A:4D;NOMADIX
192.168.225.171;;up;;;00:50:E8:00:8A:4D;NOMADIX
192.168.225.172;;up;;;00:50:E8:00:8A:4D;NOMADIX
192.168.225.173;;up;;;00:50:E8:00:8A:4D;NOMADIX
192.168.225.174;;up;;;00:50:E8:00:8A:4D;NOMADIX
192.168.225.175;;up;;;00:50:E8:00:8A:4D;NOMADIX
192.168.225.176;;up;;;00:50:E8:00:8A:4D;NOMADIX
192.168.225.177;;up;;;00:50:E8:00:8A:4D;NOMADIX
192.168.225.178;;up;;;00:50:E8:00:8A:4D;NOMADIX
192.168.225.179;;up;;;00:50:E8:00:8A:4D;NOMADIX
192.168.225.180;;up;;;00:50:E8:00:8A:4D;NOMADIX
192.168.225.181;;up;;;00:50:E8:00:8A:4D;NOMADIX
192.168.225.182;;up;;;00:50:E8:00:8A:4D;NOMADIX
192.168.225.183;;up;;;00:50:E8:00:8A:4D;NOMADIX
192.168.225.184;;up;;;00:50:E8:00:8A:4D;NOMADIX
192.168.225.185;;up;;;00:50:E8:00:8A:4D;NOMADIX
192.168.225.186;;up;;;00:50:E8:00:8A:4D;NOMADIX
192.168.225.187;;up;;;00:50:E8:00:8A:4D;NOMADIX
192.168.225.188;;up;;;00:50:E8:00:8A:4D;NOMADIX
192.168.225.189;;up;;;00:50:E8:00:8A:4D;NOMADIX
192.168.225.190;;up;;;00:50:E8:00:8A:4D;NOMADIX
192.168.225.191;;up;;;00:50:E8:00:8A:4D;NOMADIX
192.168.225.192;;up;;;00:50:E8:00:8A:4D;NOMADIX
192.168.225.193;;up;;;00:50:E8:00:8A:4D;NOMADIX
192.168.225.194;;up;;;00:50:E8:00:8A:4D;NOMADIX
192.168.225.195;;up;;;00:50:E8:00:8A:4D;NOMADIX
192.168.225.196;;up;;;00:50:E8:00:8A:4D;NOMADIX
192.168.225.197;;up;;;00:50:E8:00:8A:4D;NOMADIX
192.168.225.198;;up;;;00:50:E8:00:8A:4D;NOMADIX
192.168.225.199;;up;;;00:50:E8:00:8A:4D;NOMADIX
192.168.225.200;;up;;;00:50:E8:00:8A:4D;NOMADIX
192.168.225.201;;up;;;00:50:E8:00:8A:4D;NOMADIX
192.168.225.202;;up;;;00:50:E8:00:8A:4D;NOMADIX
192.168.225.203;;up;;;00:50:E8:00:8A:4D;NOMADIX
192.168.225.204;;up;;;00:50:E8:00:8A:4D;NOMADIX
192.168.225.205;;up;;;00:50:E8:00:8A:4D;NOMADIX
192.168.225.206;;up;;;00:50:E8:00:8A:4D;NOMADIX
192.168.225.207;;up;;;00:50:E8:00:8A:4D;NOMADIX
192.168.225.208;;up;;;00:50:E8:00:8A:4D;NOMADIX
192.168.225.209;;up;;;00:50:E8:00:8A:4D;NOMADIX
192.168.225.210;;up;;;00:50:E8:00:8A:4D;NOMADIX
192.168.225.211;;up;;;00:50:E8:00:8A:4D;NOMADIX
192.168.225.212;;up;;;00:50:E8:00:8A:4D;NOMADIX
192.168.225.213;;up;;;00:50:E8:00:8A:4D;NOMADIX
192.168.225.214;;up;;;00:50:E8:00:8A:4D;NOMADIX
192.168.225.215;;up;;;00:50:E8:00:8A:4D;NOMADIX
192.168.225.216;;up;;;00:50:E8:00:8A:4D;NOMADIX
192.168.225.217;;up;;;00:50:E8:00:8A:4D;NOMADIX
192.168.225.218;;up;;;00:50:E8:00:8A:4D;NOMADIX
192.168.225.219;;up;;;00:50:E8:00:8A:4D;NOMADIX
192.168.225.220;;up;;;00:50:E8:00:8A:4D;NOMADIX
192.168.225.221;;up;;;00:50:E8:00:8A:4D;NOMADIX
192.168.225.222;;up;;;00:50:E8:00:8A:4D;NOMADIX
192.168.225.223;;up;;;00:50:E8:00:8A:4D;NOMADIX
192.168.225.224;;up;;;00:50:E8:00:8A:4D;NOMADIX
192.168.225.225;;up;;;00:50:E8:00:8A:4D;NOMADIX
192.168.225.226;;up;;;00:50:E8:00:8A:4D;NOMADIX
192.168.225.227;;up;;;00:50:E8:00:8A:4D;NOMADIX
192.168.225.228;;up;;;00:50:E8:00:8A:4D;NOMADIX
192.168.225.229;;up;;;00:50:E8:00:8A:4D;NOMADIX
192.168.225.230;;up;;;00:50:E8:00:8A:4D;NOMADIX
192.168.225.231;;up;;;00:50:E8:00:8A:4D;NOMADIX
192.168.225.232;;up;;;00:50:E8:00:8A:4D;NOMADIX
192.168.225.233;;up;;;00:50:E8:00:8A:4D;NOMADIX
192.168.225.234;;up;;;00:50:E8:00:8A:4D;NOMADIX
192.168.225.235;;up;;;00:50:E8:00:8A:4D;NOMADIX
192.168.225.236;;up;;;00:50:E8:00:8A:4D;NOMADIX
192.168.225.237;;up;;;00:50:E8:00:8A:4D;NOMADIX
192.168.225.238;;up;;;00:50:E8:00:8A:4D;NOMADIX
192.168.225.239;;up;;;00:50:E8:00:8A:4D;NOMADIX
192.168.225.240;;up;;;00:50:E8:00:8A:4D;NOMADIX
192.168.225.241;;up;;;00:50:E8:00:8A:4D;NOMADIX
192.168.225.242;;up;;;00:50:E8:00:8A:4D;NOMADIX
192.168.225.243;;up;;;00:50:E8:00:8A:4D;NOMADIX
192.168.225.244;;up;;;00:50:E8:00:8A:4D;NOMADIX
192.168.225.245;;up;;;00:50:E8:00:8A:4D;NOMADIX
192.168.225.246;;up;;;00:50:E8:00:8A:4D;NOMADIX
192.168.225.247;;up;;;00:50:E8:00:8A:4D;NOMADIX
192.168.225.248;;up;;;00:50:E8:00:8A:4D;NOMADIX
192.168.225.249;;up;;;00:50:E8:00:8A:4D;NOMADIX
192.168.225.250;;up;;;00:50:E8:00:8A:4D;NOMADIX
192.168.225.251;;up;;;00:50:E8:00:8A:4D;NOMADIX
192.168.225.252;;up;;;00:50:E8:00:8A:4D;NOMADIX
192.168.225.253;;up;;;00:50:E8:00:8A:4D;NOMADIX
192.168.225.254;;up;;;00:50:E8:00:8A:4D;NOMADIX
192.168.225.255;;up;;;00:50:E8:00:8A:4D;NOMADIX
